,malaria_cases,malaria_death,gdp_per_cap,gov_consumption,exports,imports
malaria_cases,1.000000000000000,0.970798435633037,-0.157282699735937,-0.021202795215338,-0.029659210009357,-0.030430879804714
malaria_death,0.970798435633037,1.000000000000000,-0.175876943958360,-0.031568712471195,-0.037808682649631,-0.038628517884832
gdp_per_cap,-0.157282699735937,-0.175876943958360,1.000000000000000,-0.021515814615359,-0.030326206212228,-0.032729642708233
gov_consumption,-0.021202795215338,-0.031568712471195,-0.021515814615359,1.000000000000000,0.862935275807446,0.864839690571319
exports,-0.029659210009357,-0.037808682649631,-0.030326206212228,0.862935275807446,1.000000000000000,0.999123260947523
imports,-0.030430879804714,-0.038628517884832,-0.032729642708233,0.864839690571319,0.999123260947523,1.000000000000000
