,malaria_cases,malaria_death,gdp_per_cap,gov_consumption,exports,imports
malaria_cases,1.000000000000000,0.970531985042333,-0.177176632148645,-0.024275061675040,-0.033174007666372,-0.034284006921743
malaria_death,0.970531985042333,1.000000000000000,-0.199600895821691,-0.034989365311105,-0.041696671456312,-0.042885318393075
gdp_per_cap,-0.177176632148645,-0.199600895821691,1.000000000000000,-0.011608788102411,-0.024552336531860,-0.026866160703130
gov_consumption,-0.024275061675040,-0.034989365311105,-0.011608788102411,1.000000000000000,0.862803938166089,0.864823100249041
exports,-0.033174007666372,-0.041696671456312,-0.024552336531860,0.862803938166089,1.000000000000000,0.999147067219196
imports,-0.034284006921743,-0.042885318393075,-0.026866160703130,0.864823100249041,0.999147067219196,1.000000000000000
